{
  "best_global_step": null,
  "best_metric": null,
  "best_model_checkpoint": null,
  "epoch": 3.0,
  "eval_steps": 50,
  "global_step": 126,
  "is_hyper_param_search": false,
  "is_local_process_zero": true,
  "is_world_process_zero": true,
  "log_history": [
    {
      "epoch": 1.1927710843373494,
      "grad_norm": 0.3266077935695648,
      "learning_rate": 0.00012222222222222224,
      "loss": 0.3688,
      "step": 50
    },
    {
      "epoch": 2.3855421686746987,
      "grad_norm": 0.3723042905330658,
      "learning_rate": 4.2857142857142856e-05,
      "loss": 0.0719,
      "step": 100
    }
  ],
  "logging_steps": 50,
  "max_steps": 126,
  "num_input_tokens_seen": 0,
  "num_train_epochs": 3,
  "save_steps": 500,
  "stateful_callbacks": {
    "TrainerControl": {
      "args": {
        "should_epoch_stop": false,
        "should_evaluate": false,
        "should_log": false,
        "should_save": true,
        "should_training_stop": true
      },
      "attributes": {}
    }
  },
  "total_flos": 935186386212864.0,
  "train_batch_size": 1,
  "trial_name": null,
  "trial_params": null
}
